,tweet_id,favourites_count,retweet_count
0,892420643555336193,37474,8162
1,892177421306343426,32209,6040
2,891815181378084864,24279,3998
3,891689557279858688,40796,8314
4,891327558926688256,39013,9011
5,891087950875897856,19609,2990
6,890971913173991426,11451,1984
7,890729181411237888,63217,18127
8,890609185150312448,26967,4103
9,890240255349198849,30906,7092
10,890006608113172480,29728,7049
11,889880896479866881,26967,4787
12,889665388333682689,46587,9647
13,889638837579907072,26251,4360
14,889531135344209921,14640,2165
15,889278841981685760,24460,5174
16,888917238123831296,28216,4338
17,888804989199671297,24761,4119
18,888554962724278272,19204,3397
19,888078434458587136,21075,3349
20,887705289381826560,29255,5173
21,887517139158093824,44872,11257
22,887473957103951883,66747,17452
23,887343217045368832,32609,10032
24,887101392804085760,29627,5729
25,886983233522544640,33999,7450
26,886736880519319552,11650,3135
27,886680336477933568,21740,4289
28,886366144734445568,20507,3078
29,886267009285017600,116,4
30,886258384151887873,27113,6069
31,886054160059072513,0,105
32,885984800019947520,31591,6521
33,885528943205470208,34868,6180
34,885518971528720385,19807,3607
35,885311592912609280,0,17837
36,885167619883638784,21237,4218
37,884925521741709313,74931,17543
38,884876753390489601,27027,5404
39,884562892145688576,23527,4506
40,884441805382717440,26180,5458
41,884247878851493888,70652,19760
42,884162670584377345,19738,2872
43,883838122936631299,21193,3314
44,883482846933004288,44503,9539
45,883360690899218434,21984,3572
46,883117836046086144,35989,6412
47,882992080364220416,23180,3775
48,882762694511734784,27399,4719
49,882627270321602560,27068,5867
50,882268110199369728,43513,11172
51,882045870035918850,28406,4763
52,881906580714921986,23558,3276
53,881666595344535552,49043,10289
54,881633300179243008,123,7
55,881536004380872706,47881,15371
56,881268444196462592,22431,5005
57,880935762899988482,16511,2685
58,880872448815771648,20624,3686
59,880465832366813184,27642,6039
60,880221127280381952,26185,4066
61,880095782870896641,26788,4181
62,879862464715927552,21655,3374
63,879674319642796034,302,10
64,879492040517615616,22741,3068
65,879415818425184262,102613,42729
66,879376492567855104,16296,3008
67,879130579576475649,0,6566
68,879050749262655488,21849,4536
69,879008229531029506,18389,2599
70,878776093423087618,18819,3983
71,878604707211726852,29278,6944
72,878404777348136964,0,1241
73,878316110768087041,0,6415
74,878281511006478336,7509,1241
75,878057613040115712,40794,6566
76,877736472329191424,77251,18438
77,877611172832227328,0,78
78,877556246731214848,22047,3671
79,877316821321428993,26582,5025
80,877201837425926144,26324,5404
81,876838120628539392,20081,3225
82,876537666061221889,22866,4488
83,876484053909872640,18223,2309
84,876120275196170240,27126,4516
85,875747767867523072,24453,4149
86,875144289856114688,21317,4772
87,875097192612077568,26615,5862
88,875021211251597312,24746,4570
89,874680097055178752,27027,4500
90,874434818259525634,0,14227
91,874296783580663808,25326,3989
92,874057562936811520,22079,3826
93,874012996292530176,33562,10083
94,873580283840344065,23552,3818
95,873337748698140672,0,1539
96,873213775632977920,7027,1539
97,872967104147763200,26569,5263
98,872820683541237760,14331,3601
99,872620804844003328,20213,3582
100,872486979161796608,39649,8774
101,872122724285648897,33514,7920
102,871879754684805121,36895,10855
103,871762521631449091,19760,3394
104,871515927908634625,19690,3368
105,871166179821445120,0,5553
106,871102520638267392,20416,5384
107,871032628920680449,22147,3727
108,870804317367881728,32828,6049
109,870726314365509632,118,3
110,870656317836468226,12112,2589
111,870374049280663552,80889,25675
112,870308999962521604,21371,4063
113,870063196459192321,35808,8167
114,869772420881756160,41542,9826
115,869702957897576449,27652,6213
116,869596645499047938,15647,3079
117,869227993411051520,20032,3718
118,868880397819494401,64210,14203
119,868639477480148993,0,2052
120,868622495443632128,26205,5208
121,868552278524837888,9921,2052
122,867900495410671616,23758,4110
123,867774946302451713,33352,7236
124,867421006826221569,15826,2456
125,867072653475098625,0,119
126,867051520902168576,31675,7746
127,866720684873056260,19711,4743
128,866686824827068416,18957,3428
129,866450705531457537,120244,34850
130,866334964761202691,51670,14227
131,866094527597207552,0,8264
132,865718153858494464,25240,5557
133,865359393868664832,26072,4954
134,865006731092295680,27584,7601
135,864873206498414592,31816,8629
136,864279568663928832,14405,2999
137,864197398364647424,29695,8847
138,863907417377173506,20349,4090
139,863553081350529029,15125,4148
140,863471782782697472,0,2420
141,863432100342583297,23507,5193
142,863427515083354112,2221,96
143,863079547188785154,8659,1093
144,863062471531167744,8405,2420
145,862831371563274240,18962,5072
146,862722525377298433,16885,3505
147,862457590147678208,20275,4928
148,862096992088072192,73656,23124
149,861383897657036800,35758,10652
150,861288531465048066,17026,4139
151,861005113778896900,16565,3783
152,860981674716409858,0,2152
153,860924035999428608,0,813
154,860563773140209665,7452,2152
155,860524505164394496,23420,5273
156,860276583193509888,18176,3472
157,860184849394610176,16549,5846
158,860177593139703809,0,30857
159,859924526012018688,19423,4076
160,859851578198683649,15306,3513
161,859607811541651456,18471,1572
162,859196978902773760,89393,30253
163,859074603037188101,33673,13652
164,858860390427611136,0,8163
165,858843525470990336,15471,3495
166,858471635011153920,21408,4849
167,858107933456039936,15662,2913
168,857989990357356544,16062,2602
169,857746408056729600,34162,10702
170,857393404942143489,5895,1655
171,857263160327368704,19979,4546
172,857214891891077121,227,18
173,857062103051644929,0,171
174,857029823797047296,18912,4042
175,856543823941562368,16255,2910
176,856526610513747968,11848,1902
177,856330835276025856,0,682
178,856288084350160898,519,17
179,856282028240666624,27733,6395
180,855862651834028034,345,26
181,855860136149123072,5011,1040
182,855857698524602368,11885,2139
183,855851453814013952,45633,17999
184,855818117272018944,26687,5514
185,855459453768019968,29972,8333
186,855245323840757760,0,6072
187,855138241867124737,0,46
188,854732716440526848,22968,6210
189,854482394044301312,29473,6994
190,854365224396361728,19007,4769
191,854120357044912130,32197,7628
192,854010172552949760,16305,3215
193,853760880890318849,28803,5893
194,853639147608842240,35095,10363
195,853299958564483072,15647,3637
196,852936405516943360,0,2059
197,852912242202992640,9160,1883
198,852672615818899456,15101,2207
199,852553447878664193,16517,3598
200,852311364735569921,33521,10149
201,852226086759018497,20254,6976
202,852189679701164033,11602,1626
203,851953902622658560,0,9914
204,851861385021730816,0,22
205,851591660324737024,16447,3566
206,851464819735769094,24598,7279
207,851224888060895234,20974,5897
208,850753642995093505,31424,9531
209,850380195714523136,13286,2697
210,850333567704068097,3495,347
211,850145622816686080,16594,3939
212,850019790995546112,20798,5041
213,849776966551130114,31013,7852
214,849668094696017920,0,5109
215,849412302885593088,16171,3246
216,849336543269576704,11614,1956
217,849051919805034497,43222,8791
218,848690551926992896,25685,4464
219,848324959059550208,25241,4757
220,848213670039564288,8344,772
221,848212111729840128,16658,3171
222,847978865427394560,0,3369
223,847971574464610304,0,442
224,847962785489326080,23999,5275
225,847842811428974592,5567,1380
226,847617282490613760,7136,439
227,847606175596138505,19179,3532
228,847251039262605312,20901,4444
229,847157206088847362,20364,6074
230,847116187444137987,21882,3313
231,846874817362120707,20525,4073
232,846514051647705089,45651,12049
233,846505985330044928,14433,3191
234,846153765933735936,32426,9437
235,846139713627017216,31654,10309
236,846042936437604353,16377,3004
237,845812042753855489,29999,9089
238,845677943972139009,25773,4968
239,845397057150107648,7830,1877
240,845306882940190720,23926,5614
241,845098359547420673,0,7971
242,844979544864018432,13954,2676
243,844973813909606400,15497,3346
244,844580511645339650,16913,3274
245,844223788422217728,13987,2294
246,843981021012017153,15541,3057
247,843856843873095681,22013,4832
248,843604394117681152,17339,2877
249,843235543001513987,22109,6310
250,842846295480000512,15652,3773
251,842765311967449089,6945,1336
252,842535590457499648,18600,3663
253,842163532590374912,25162,6072
254,842115215311396866,14391,3177
255,841833993020538882,0,16007
256,841680585030541313,26395,8116
257,841439858740625411,13002,3855
258,841320156043304961,20361,5712
259,841314665196081154,16282,4903
260,841077006473256960,23543,5553
261,840761248237133825,0,1842
262,840728873075638272,0,16921
263,840698636975636481,182,2
264,840696689258311684,12655,1031
265,840632337062862849,9247,1842
266,840370681858686976,16964,4771
267,840268004936019968,19861,6010
268,839990271299457024,13822,2404
269,839549326359670784,28344,8163
270,839290600511926273,0,148
271,839239871831150596,28077,6868
272,838952994649550848,20241,4179
273,838921590096166913,11525,2174
274,838916489579200512,0,36
275,838831947270979586,0,11607
276,838561493054533637,11282,1391
277,838476387338051585,23289,5052
278,838201503651401729,0,10594
279,838150277551247360,1737,349
280,838085839343206401,146,1
281,838083903487373313,18197,3322
282,837820167694528512,35314,8264
283,837482249356513284,3963,463
284,837471256429613056,13211,2398
285,837366284874571778,21872,5580
286,837110210464448512,16574,2506
287,836989968035819520,13140,2417
288,836753516572119041,19926,4860
289,836677758902222849,13030,2337
290,836648853927522308,0,574
291,836397794269200385,0,29191
292,836380477523124226,15259,3135
293,836260088725786625,22012,4517
294,836001077879255040,19750,4512
295,835685285446955009,0,8583
296,835574547218894849,18421,3814
297,835536468978302976,0,1798
298,835309094223372289,0,22169
299,835297930240217089,17010,3164
300,835264098648616962,7995,1798
301,835246439529840640,2174,76
302,835172783151792128,27054,6057
303,835152434251116546,23257,3186
304,834931633769889797,11205,1742
305,834786237630337024,21975,5817
306,834574053763584002,14162,2676
307,834477809192075265,0,11280
308,834458053273591808,9947,1776
309,834209720923721728,21338,5042
310,834167344700198914,16349,3848
311,834089966724603904,10407,2248
312,834086379323871233,13528,2341
313,833863086058651648,13895,2529
314,833826103416520705,18672,3944
315,833732339549220864,0,227
316,833722901757046785,21496,3397
317,833479644947025920,15381,2174
318,833124694597443584,20951,5109
319,832998151111966721,13773,2342
320,832769181346996225,0,39
321,832757312314028032,17445,3830
322,832682457690300417,12322,3099
323,832645525019123713,3032,550
324,832636094638288896,16437,2939
325,832397543355072512,12374,2346
326,832369877331693569,17819,3369
327,832273440279240704,11741,2462
328,832215909146226688,0,6560
329,832215726631055365,0,9925
330,832088576586297345,68,2
331,832040443403784192,0,10263
332,832032802820481025,18520,4928
333,831939777352105988,24887,6488
334,831926988323639298,354,35
335,831911600680497154,28707,6912
336,831670449226514432,10851,1923
337,831650051525054464,7464,2059
338,831552930092285952,9326,2428
339,831322785565769729,9593,1625
340,831315979191906304,6780,1187
341,831309418084069378,12190,2591
342,831262627380748289,12370,2167
343,830956169170665475,8282,1581
344,830583320585068544,69501,17837
345,830173239259324417,0,6040
346,830097400375152640,10205,3176
347,829878982036299777,0,5345
348,829861396166877184,12711,2081
349,829501995190984704,32988,11280
350,829449946868879360,10875,2147
351,829374341691346946,36001,9914
352,829141528400556032,25440,7863
353,829011960981237760,55170,17230
354,828801551087042563,0,3602
355,828770345708580865,26589,6227
356,828708714936930305,38066,11940
357,828650029636317184,9889,1431
358,828409743546925057,6572,1221
359,828408677031882754,7984,1371
360,828381636999917570,13129,2365
361,828376505180889089,7685,1135
362,828372645993398273,13065,3143
363,828361771580813312,2289,179
364,828046555563323392,12232,3047
365,828011680017821696,10778,2282
366,827933404142436356,20929,5557
367,827653905312006145,16083,3198
368,827600520311402496,7709,1008
369,827324948884643840,16501,3255
370,827199976799354881,11007,2387
371,826958653328592898,22465,5345
372,826848821049180160,37961,10884
373,826615380357632002,0,4207
374,826598799820865537,5320,268
375,826598365270007810,10484,2500
376,826476773533745153,19211,4476
377,826240494070030336,13827,2759
378,826204788643753985,5077,990
379,826115272272650244,16332,3342
380,825876512159186944,10905,1998
381,825829644528148480,13277,2656
382,825535076884762624,54421,18338
383,825147591692263424,19104,4861
384,825120256414846976,0,1365
385,825026590719483904,6617,1365
386,824796380199809024,0,5860
387,824775126675836928,15613,3751
388,824663926340194305,10526,1853
389,824325613288833024,12317,11106
390,824297048279236611,15741,4126
391,824025158776213504,4995,628
392,823939628516474880,11110,2897
393,823719002937630720,0,11968
394,823699002998870016,14537,2675
395,823581115634085888,13604,2825
396,823333489516937216,731,26
397,823322678127919110,16442,4289
398,823269594223824897,0,10509
399,822975315408461824,18073,3682
400,822872901745569793,138109,46858
401,822859134160621569,13845,2441
402,822647212903690241,0,6852
403,822610361945911296,15461,3165
404,822489057087389700,18998,6852
405,822462944365645825,29671,15623
406,822244816520155136,36602,10509
407,822163064745328640,0,5131
408,821886076407029760,11856,2501
409,821813639212650496,0,3578
410,821765923262631936,8802,1776
411,821522889702862852,8401,1900
412,821421320206483457,0,5985
413,821407182352777218,12325,4647
414,821153421864615936,264,10
415,821149554670182400,9108,2158
416,821107785811234820,10043,2276
417,821044531881721856,13250,2453
418,820837357901512704,0,7178
419,820749716845686786,32989,10594
420,820690176645140481,12779,3452
421,820494788566847489,0,605
422,820446719150292993,0,2766
423,820314633777061888,3492,605
424,820078625395449857,20756,6729
425,820013781606658049,0,1269
426,819952236453363712,5576,1269
427,819924195358416896,13493,5188
428,819711362133872643,14085,3357
429,819588359383371776,10039,2112
430,819347104292290561,7564,1291
431,819238181065359361,2394,431
432,819227688460238848,24200,7178
433,819015337530290176,0,39459
434,819015331746349057,0,20332
435,819006400881917954,47404,20332
436,819004803107983360,90963,39459
437,818646164899774465,0,22399
438,818627210458333184,23282,8014
439,818614493328580609,10336,2766
440,818588835076603904,0,6591
441,818536468981415936,11427,2656
442,818307523543449600,0,8724
443,818259473185828864,11558,2449
444,818145370475810820,12867,2776
445,817908911860748288,5085,846
446,817827839487737858,54336,29191
447,817777686764523521,11234,2875
448,817536400337801217,12370,3266
449,817502432452313088,0,3644
450,817423860136083457,35758,16007
451,817415592588222464,5875,1033
452,817181837579653120,0,9121
453,817171292965273600,9162,2164
454,817120970343411712,12795,2811
455,817056546584727552,9004,1766
456,816829038950027264,0,5047
457,816816676327063552,10526,2179
458,816697700272001025,10284,2361
459,816450570814898180,32072,8724
460,816336735214911488,9030,2094
461,816091915477250048,9388,2318
462,816062466425819140,0,1120
463,816014286006976512,0,5695
464,815990720817401858,5231,1120
465,815966073409433600,23535,9121
466,815745968457060357,0,4443
467,815736392542261248,10336,2439
468,815639385530101762,8632,1765
469,815390420867969024,10882,4090
470,814986499976527872,8039,1382
471,814638523311648768,11842,2913
472,814578408554463233,0,6233
473,814530161257443328,9077,1992
474,814153002265309185,30275,9318
475,813944609378369540,0,3429
476,813910438903693312,9780,2009
477,813812741911748608,38283,15039
478,813800681631023104,8783,1889
479,813217897535406080,19621,7872
480,813202720496779264,9674,1942
481,813187593374461952,20882,4692
482,813172488309972993,9794,2060
483,813157409116065792,8166,2388
484,813142292504645637,8876,2538
485,813130366689148928,4702,481
486,813127251579564032,12465,3372
487,813112105746448384,10857,2965
488,813096984823349248,11074,3871
489,813081950185472002,10385,2977
490,813066809284972545,8375,2095
491,813051746834595840,22056,7889
492,812781120811126785,7984,2059
493,812709060537683968,6963,1535
494,812503143955202048,6403,1315
495,812466873996607488,8401,2079
496,812372279581671427,14404,3952
497,811985624773361665,7643,1514
498,811744202451197953,7946,1721
499,811647686436880384,5881,799
500,811627233043480576,13450,3348
501,811386762094317568,22012,6866
502,810984652412424192,5616,1548
503,810896069567610880,9532,1918
504,810657578271330305,11555,2851
505,810284430598270976,37243,12265
506,810254108431155201,15467,3602
507,809920764300447744,16303,4207
508,809808892968534016,0,5272
509,809448704142938112,7315,1577
510,809220051211603969,21005,6040
511,809084759137812480,13932,3793
512,808838249661788160,10659,3281
513,808733504066486276,8337,2330
514,808501579447930884,11890,2792
515,808344865868283904,44830,22399
516,808134635716833280,0,6393
517,808106460588765185,9236,2371
518,808001312164028416,13244,3823
519,807621403335917568,15348,3954
520,807106840509214720,125074,59970
521,807059379405148160,0,7883
522,807010152071229440,13752,4133
523,806629075125202948,79076,37496
524,806620845233815552,0,5960
525,806576416489959424,5127,2077
526,806542213899489280,10766,2537
527,806242860592926720,0,12583
528,806219024703037440,6782,1283
529,805958939288408065,0,5803
530,805932879469572096,8722,2064
531,805826884734976000,6942,1975
532,805823200554876929,0,8673
533,805520635690676224,6066,1776
534,805487436403003392,9266,2736
535,805207613751304193,8218,1837
536,804738756058218496,14464,4136
537,804475857670639616,6475,2164
538,804413760345620481,0,3477
539,804026241225523202,47008,17493
540,803773340896923648,10600,2980
541,803692223237865472,0,8018
542,803638050916102144,11563,4445
543,803380650405482500,8178,2000
544,803321560782307329,0,5718
545,803276597545603072,10581,2652
546,802952499103731712,9539,2166
547,802624713319034886,0,3151
548,802600418706604034,7504,1589
549,802572683846291456,9437,2689
550,802323869084381190,17115,6293
551,802265048156610565,6964,1474
552,802239329049477120,9561,2823
553,802185808107208704,0,285
554,801958328846974976,8151,1845
555,801854953262350336,1863,250
556,801538201127157760,8654,2215
557,801285448605831168,6384,895
558,801167903437357056,25869,6393
559,801127390143516673,0,4273
560,801115127852503040,8534,2257
561,800859414831898624,727,102
562,800855607700029440,0,1756
563,800751577355128832,11100,2992
564,800513324630806528,13867,3247
565,800459316964663297,10011,2329
566,800443802682937345,0,4650
567,800388270626521089,11778,3032
568,800188575492947969,0,4261
569,800141422401830912,16169,2766
570,800018252395122689,29970,14223
571,799774291445383169,0,5045
572,799757965289017345,8860,2334
573,799422933579902976,8502,2065
574,799308762079035393,0,5951
575,799297110730567681,10448,2983
576,799063482566066176,8522,2661
577,798933969379225600,13861,4827
578,798925684722855936,7866,1534
579,798705661114773508,0,7125
580,798701998996647937,0,8394
581,798697898615730177,0,7005
582,798694562394996736,0,5349
583,798686750113755136,0,2500
584,798682547630837760,0,5086
585,798673117451325440,0,5975
586,798665375516884993,0,4206
587,798644042770751489,0,1999
588,798628517273620480,0,2122
589,798585098161549313,0,6162
590,798576900688019456,0,6306
591,798340744599797760,0,3619
592,798209839306514432,10956,2753
593,797971864723324932,12294,3391
594,797545162159308800,15339,5225
595,797236660651966464,21079,7168
596,797165961484890113,241,28
597,796904159865868288,0,9588
598,796865951799083009,8105,2051
599,796759840936919040,12537,3298
600,796563435802726400,0,7868
601,796484825502875648,8009,1901
602,796387464403357696,11624,4497
603,796177847564038144,0,15451
604,796149749086875649,34127,15451
605,796125600683540480,5226,1927
606,796116448414461957,9617,2605
607,796080075804475393,8945,2501
608,796031486298386433,11427,3972
609,795464331001561088,52564,25696
610,795400264262053889,10660,3102
611,795076730285391872,17141,5860
612,794983741416415232,0,3644
613,794926597468000259,10855,2486
614,794355576146903043,0,11100
615,794332329137291264,10111,2868
616,794205286408003585,9738,3571
617,793962221541933056,17763,5272
618,793845145112371200,9736,2025
619,793614319594401792,0,3362
620,793601777308463104,8428,1754
621,793500921481273345,11299,2565
622,793286476301799424,25986,9925
623,793271401113350145,9153,2562
624,793256262322548741,21125,9007
625,793241302385262592,11101,3534
626,793226087023144960,10397,3096
627,793210959003287553,9433,3027
628,793195938047070209,16151,6078
629,793180763617361921,7330,2145
630,793165685325201412,9948,2995
631,793150605191548928,6525,1830
632,793135492858580992,6820,2688
633,793120401413079041,13411,4216
634,792913359805018113,15147,4324
635,792883833364439040,11944,4617
636,792773781206999040,7754,1807
637,792394556390137856,14207,4628
638,792050063153438720,7570,1946
639,791821351946420224,0,22681
640,791784077045166082,0,10377
641,791780927877898241,0,4122
642,791774931465953280,47651,23949
643,791672322847637504,12399,3362
644,791406955684368384,13836,4443
645,791312159183634433,9282,2738
646,791026214425268224,0,4440
647,790987426131050500,10414,2306
648,790946055508652032,17552,5047
649,790723298204217344,0,2497
650,790698755171364864,8659,2063
651,790581949425475584,21821,7754
652,790337589677002753,8253,2008
653,790277117346975746,13256,3429
654,790227638568808452,0,3854
655,789986466051088384,9750,2497
656,789960241177853952,0,4448
657,789903600034189313,10942,4442
658,789628658055020548,7927,1918
659,789599242079838210,7142,2084
660,789530877013393408,12426,3644
661,789314372632018944,9100,2485
662,789280767834746880,0,5332
663,789268448748703744,9616,2794
664,789137962068021249,10233,3011
665,788908386943430656,28907,13338
666,788765914992902144,28933,11100
667,788552643979468800,0,7758
668,788412144018661376,16431,5705
669,788178268662984705,7626,2280
670,788150585577050112,6476,1404
671,788070120937619456,0,3687
672,788039637453406209,6472,1423
673,787810552592695296,9147,3294
674,787717603741622272,10780,3001
675,787397959788929025,11443,3050
676,787322443945877504,8217,1883
677,787111942498508800,0,7257
678,786963064373534720,28036,8583
679,786729988674449408,0,2587
680,786709082849828864,19195,6560
681,786664955043049472,11212,2749
682,786595970293370880,9915,3339
683,786363235746385920,11488,3768
684,786286427768250368,8394,3080
685,786233965241827333,16101,5131
686,786051337297522688,1507,165
687,786036967502913536,0,7600
688,785927819176054784,11985,3405
689,785872687017132033,7040,1955
690,785639753186217984,8229,2390
691,785533386513321988,9585,2156
692,785515384317313025,6421,1352
693,785264754247995392,7651,1757
694,785170936622350336,12697,5221
695,784826020293709826,10661,3477
696,784517518371221505,9420,2729
697,784431430411685888,5995,1381
698,784183165795655680,21178,8673
699,784057939640352768,31442,11968
700,783839966405230592,31610,11607
701,783821107061198850,7738,2104
702,783695101801398276,10978,3466
703,783466772167098368,8894,2416
704,783391753726550016,17741,5912
705,783347506784731136,0,6011
706,783334639985389568,30710,12583
707,783085703974514689,8564,2380
708,782969140009107456,25373,7883
709,782747134529531904,7862,1503
710,782722598790725632,18167,5803
711,782598640137187329,8187,2011
712,782305867769217024,17513,5985
713,782021823840026624,0,6676
714,781955203444699136,11684,3607
715,781661882474196992,10971,2905
716,781655249211752448,4203,1203
717,781524693396357120,21820,5960
718,781308096455073793,7493,2731
719,781251288990355457,8864,2245
720,781163403222056960,10278,2936
721,780931614150983680,22734,7868
722,780858289093574656,7556,2149
723,780800785462489090,5781,1400
724,780601303617732608,12712,3578
725,780543529827336192,6615,1854
726,780496263422808064,0,3970
727,780476555013349377,0,122
728,780459368902959104,5553,1147
729,780192070812196864,9130,2395
730,780092040432480260,0,2462
731,780074436359819264,12845,5358
732,779834332596887552,19913,7600
733,779377524342161408,9258,3346
734,779124354206535695,0,19741
735,779123168116150273,12399,3917
736,779056095788752897,15522,4851
737,778990705243029504,20992,7764
738,778774459159379968,0,10670
739,778764940568104960,906,392
740,778748913645780993,7238,1422
741,778650543019483137,6052,1611
742,778624900596654080,4869,1082
743,778408200802557953,14329,4661
744,778396591732486144,0,13089
745,778383385161035776,6139,1187
746,778286810187399168,10904,3524
747,778039087836069888,8886,2816
748,778027034220126208,6871,1731
749,777953400541634568,0,3785
750,777885040357281792,6667,1759
751,777684233540206592,11781,3151
752,777641927919427584,0,4540
753,777621514455814149,9192,2665
754,777189768882946048,14999,4623
755,776819012571455488,0,14734
756,776813020089548800,5113,1298
757,776477788987613185,9263,2986
758,776249906839351296,0,9771
759,776218204058357768,31443,17102
760,776201521193218049,10068,2701
761,776113305656188928,12320,4650
762,776088319444877312,1918,161
763,775898661951791106,0,17594
764,775842724423557120,12270,2857
765,775733305207554048,14522,4273
766,775729183532220416,13555,4888
767,775364825476165632,7772,3177
768,775350846108426240,10646,4170
769,775085132600442880,16304,5045
770,774757898236878852,8973,1895
771,774639387460112384,7040,1848
772,774314403806253056,22822,5951
773,773985732834758656,11230,4144
774,773922284943896577,6698,1852
775,773704687002451968,6910,1734
776,773670353721753600,5572,1388
777,773547596996571136,23134,6591
778,773336787167145985,0,5430
779,773308824254029826,24367,7972
780,773247561583001600,9861,3446
781,773191612633579521,10463,4396
782,772877495989305348,8967,4132
783,772826264096874500,8391,2496
784,772615324260794368,0,3600
785,772581559778025472,6783,1807
786,772193107915964416,6319,1483
787,772152991789019136,3968,1193
788,772117678702071809,3935,788
789,772114945936949249,2842,502
790,772102971039580160,4197,994
791,771908950375665664,6882,2021
792,771770456517009408,12559,3619
793,771500966810099713,8654,2801
794,771380798096281600,10989,5430
795,771171053431250945,0,8065
796,771136648247640064,9579,3120
797,771102124360998913,6537,1532
798,771014301343748096,7177,1753
799,771004394259247104,0,231
800,770787852854652928,5163,1291
801,770772759874076672,5424,1506
802,770655142660169732,7657,1861
803,770414278348247044,6590,2205
804,770293558247038976,6517,1593
805,770093767776997377,0,3245
806,770069151037685760,7913,2438
807,769940425801170949,32848,10263
808,769695466921623552,6682,1763
809,769335591808995329,0,8195
810,769212283578875904,5653,1827
811,768970937022709760,15072,6964
812,768909767477751808,0,2864
813,768855141948723200,4389,949
814,768609597686943744,4303,1284
815,768596291618299904,5243,1359
816,768554158521745409,0,6210
817,768473857036525572,14246,3643
818,768193404517830656,11380,3785
819,767884188863397888,4971,1488
820,767754930266464257,16749,5718
821,767500508068192258,7815,2489
822,767191397493538821,12819,4039
823,767122157629476866,10590,3027
824,766864461642756096,0,6000
825,766793450729734144,5298,1448
826,766714921925144576,2721,410
827,766693177336135680,4201,844
828,766423258543644672,6292,1697
829,766313316352462849,7078,2002
830,766078092750233600,0,2763
831,766069199026450432,4443,911
832,766008592277377025,3916,527
833,765719909049503744,7556,2279
834,765669560888528897,5427,1293
835,765395769549590528,27639,3616
836,765371061932261376,7401,2298
837,765222098633691136,12118,3600
838,764857477905154048,6714,1886
839,764259802650378240,6305,1609
840,763956972077010945,781,58
841,763837565564780549,13147,4440
842,763183847194451968,5618,1568
843,763167063695355904,0,3202
844,763103485927849985,7683,2432
845,762699858130116608,12691,3854
846,762471784394268675,11759,6858
847,762464539388485633,10751,4448
848,762316489655476224,5013,1196
849,762035686371364864,33333,16599
850,761976711479193600,5627,2146
851,761750502866649088,0,4180
852,761745352076779520,4442,913
853,761672994376806400,51712,30857
854,761599872357261312,4294,1248
855,761371037149827077,0,19104
856,761334018830917632,5423,1542
857,761292947749015552,4656,1166
858,761227390836215808,5537,1654
859,761004547850530816,11813,3687
860,760893934457552897,3980,1030
861,760656994973933572,6904,2033
862,760641137271070720,5166,1367
863,760539183865880579,7905,3857
864,760521673607086080,4405,1481
865,760290219849637889,27969,12199
866,760252756032651264,4112,919
867,760190180481531904,5937,1919
868,760153949710192640,0,32
869,759943073749200896,6176,2212
870,759923798737051648,15263,6000
871,759846353224826880,6990,2103
872,759793422261743616,6208,2020
873,759566828574212096,0,22429
874,759557299618865152,4895,1243
875,759447681597108224,8854,2587
876,759446261539934208,1740,516
877,759197388317847553,6303,2069
878,759159934323924993,0,1233
879,759099523532779520,15119,4421
880,759047813560868866,6758,2147
881,758854675097526272,3695,953
882,758828659922702336,11638,4065
883,758740312047005698,5963,1703
884,758474966123810816,3978,1053
885,758467244762497024,4999,2361
886,758405701903519748,5411,2044
887,758355060040593408,3559,1154
888,758099635764359168,19950,10670
889,758041019896193024,2810,398
890,757741869644341248,7162,3447
891,757729163776290825,0,8590
892,757725642876129280,4714,1289
893,757611664640446465,4746,1181
894,757597904299253760,0,312
895,757596066325864448,4511,1122
896,757400162377592832,15755,7250
897,757393109802180609,6055,1849
898,757354760399941633,4694,1513
899,756998049151549440,6536,2103
900,756939218950160384,6905,2125
901,756651752796094464,5258,1383
902,756526248105566208,10822,3822
903,756303284449767430,4102,1152
904,756288534030475264,44579,18486
905,756275833623502848,6682,1610
906,755955933503782912,7621,3065
907,755206590534418437,17114,5707
908,755110668769038337,22090,11752
909,754874841593970688,0,8483
910,754856583969079297,7154,2679
911,754747087846248448,2677,551
912,754482103782404096,5519,2069
913,754449512966619136,3900,772
914,754120377874386944,8166,2478
915,753655901052166144,6067,2293
916,753420520834629632,8240,3780
917,753398408988139520,5994,2034
918,753375668877008896,7930,2462
919,753298634498793472,0,6096
920,753294487569522689,3514,1108
921,753039830821511168,38618,22169
922,753026973505581056,4052,1035
923,752932432744185856,13126,7257
924,752917284578922496,7174,1667
925,752701944171524096,0,3065
926,752682090207055872,6217,1697
927,752660715232722944,4564,1663
928,752568224206688256,5737,2419
929,752519690950500352,7654,3656
930,752334515931054080,3955,1169
931,752309394570878976,0,17689
932,752173152931807232,6177,1947
933,751950017322246144,3190,985
934,751937170840121344,5399,1428
935,751830394383790080,6014,2065
936,751793661361422336,6070,3076
937,751598357617971201,8204,3218
938,751583847268179968,4567,1170
939,751538714308972544,5232,1339
940,751456908746354688,3323,1060
941,751251247299190784,12983,6214
942,751205363882532864,6548,1942
943,751132876104687617,5254,1375
944,750868782890057730,4964,1462
945,750719632563142656,13691,5332
946,750506206503038976,4602,1205
947,750429297815552001,13668,4540
948,750383411068534784,4729,1206
949,750381685133418496,715,29
950,750147208377409536,3228,1016
951,750132105863102464,3777,1356
952,750117059602808832,4493,1373
953,750101899009982464,3154,892
954,750086836815486976,2251,569
955,750071704093859840,8172,3537
956,750056684286914561,3264,950
957,750041628174217216,3295,653
958,750026558547456000,2809,831
959,750011400160841729,3361,960
960,749996283729883136,3164,855
961,749981277374128128,5305,2598
962,749774190421639168,4831,1388
963,749417653287129088,6325,1757
964,749403093750648834,2719,571
965,749395845976588288,8912,3655
966,749317047558017024,5682,2341
967,749075273010798592,5970,2185
968,749064354620928000,4966,1602
969,749036806121881602,3216,828
970,748977405889503236,11120,3591
971,748932637671223296,6042,2390
972,748705597323898880,2864,1001
973,748699167502000129,4910,1680
974,748692773788876800,4394,1401
975,748575535303884801,6280,2090
976,748568946752774144,2266,706
977,748346686624440324,5407,1301
978,748337862848962560,7946,4345
979,748324050481647620,3825,802
980,748307329658011649,3793,746
981,748220828303695873,14655,8219
982,747963614829678593,5978,2253
983,747933425676525569,6856,2687
984,747885874273214464,3047,1037
985,747844099428986880,2912,787
986,747816857231626240,5012,1223
987,747651430853525504,1431,162
988,747648653817413632,13369,6152
989,747600769478692864,2400,582
990,747594051852075008,3814,1109
991,747512671126323200,5726,1671
992,747461612269887489,3998,1082
993,747439450712596480,5620,2031
994,747242308580548608,0,3028
995,747219827526344708,5476,1661
996,747204161125646336,3497,967
997,747103485104099331,9925,4205
998,746906459439529985,2996,310
999,746872823977771008,6200,2261
1000,746818907684614144,5478,1815
1001,746790600704425984,5037,1675
1002,746757706116112384,9911,4122
1003,746726898085036033,6246,1885
1004,746542875601690625,5211,1972
1005,746521445350707200,0,1031
1006,746507379341139972,4800,1143
1007,746369468511756288,6381,1725
1008,746131877086527488,7146,2324
1009,746056683365994496,3667,857
1010,745789745784041472,4159,1122
1011,745712589599014916,7224,2442
1012,745433870967832576,7334,2670
1013,745422732645535745,8886,2554
1014,745314880350101504,7413,2918
1015,745074613265149952,8094,3706
1016,745057283344719872,7473,2396
1017,744995568523612160,3066,651
1018,744971049620602880,8152,2837
1019,744709971296780288,5787,1637
1020,744334592493166593,6995,2242
1021,744234799360020481,161815,82232
1022,744223424764059648,1735,388
1023,743980027717509120,4303,1144
1024,743895849529389061,3762,1005
1025,743835915802583040,0,2191
1026,743609206067040256,4628,1450
1027,743595368194129920,19049,6893
1028,743545585370791937,3644,983
1029,743510151680958465,8170,3883
1030,743253157753532416,4361,1278
1031,743222593470234624,6406,1992
1032,743210557239623680,3976,1431
1033,742534281772302336,7285,3726
1034,742528092657332225,4569,2086
1035,742465774154047488,7494,4085
1036,742423170473463808,10137,3970
1037,742385895052087300,7031,2083
1038,742161199639494656,4486,1446
1039,742150209887731712,5305,1636
1040,741793263812808706,4692,1577
1041,741743634094141440,8444,2904
1042,741438259667034112,3786,871
1043,741303864243200000,9064,3385
1044,741099773336379392,10346,5822
1045,741067306818797568,9769,3245
1046,740995100998766593,6585,2902
1047,740711788199743490,3519,981
1048,740699697422163968,2929,820
1049,740676976021798912,18747,7125
1050,740373189193256964,35957,13945
1051,740365076218183684,2553,452
1052,740359016048689152,3401,893
1053,740214038584557568,6896,2063
1054,739979191639244800,20608,6210
1055,739932936087216128,4177,1128
1056,739844404073074688,3918,895
1057,739623569819336705,3915,1426
1058,739606147276148736,5533,1735
1059,739544079319588864,40896,22429
1060,739485634323156992,7396,3066
1061,739238157791694849,119586,60848
1062,738891149612572673,112,6
1063,738885046782832640,3889,1198
1064,738883359779196928,3425,845
1065,738537504001953792,5253,1630
1066,738402415918125056,3346,878
1067,738184450748633089,4450,1258
1068,738166403467907072,9059,3564
1069,738156290900254721,2597,686
1070,737826014890496000,5431,1844
1071,737800304142471168,10308,3624
1072,737678689543020544,5187,1389
1073,737445876994609152,10579,4673
1074,737322739594330112,3709,848
1075,737310737551491075,15128,7776
1076,736736130620620800,4425,1818
1077,736392552031657984,18287,7758
1078,736365877722001409,4105,1309
1079,736225175608430592,8367,2901
1080,736010884653420544,8121,3116
1081,735991953473572864,3706,1203
1082,735648611367784448,4130,1150
1083,735635087207878657,6361,2456
1084,735274964362878976,13390,5305
1085,735256018284875776,3433,926
1086,735137028879360001,3214,1012
1087,734912297295085568,2827,545
1088,734787690684657664,12937,6590
1089,734776360183431168,2586,567
1090,734559631394082816,1533,415
1091,733828123016450049,3685,817
1092,733822306246479872,3773,1057
1093,733482008106668032,3242,986
1094,733460102733135873,4330,1341
1095,733109485275860992,50720,17594
1096,732732193018155009,2510,558
1097,732726085725589504,3643,924
1098,732585889486888962,3781,814
1099,732375214819057664,8332,2634
1100,732005617171337216,15342,5695
1101,731285275100512256,3586,1027
1102,731156023742988288,3942,1326
1103,730924654643314689,6315,2065
1104,730573383004487680,5052,2243
1105,730427201120833536,3578,1093
1106,730211855403241472,3936,1098
1107,730196704625098752,5001,2013
1108,729854734790754305,4159,1178
1109,729838605770891264,1762,401
1110,729823566028484608,4106,1299
1111,729463711119904772,5961,2424
1112,729113531270991872,1938,339
1113,728986383096946689,3240,853
1114,728760639972315136,4809,1782
1115,728751179681943552,2851,704
1116,728653952833728512,3403,1084
1117,728409960103686147,5049,2093
1118,728387165835677696,3774,1000
1119,728046963732717569,4431,1231
1120,728035342121635841,4678,1741
1121,728015554473250816,4216,1147
1122,727685679342333952,3025,663
1123,727644517743104000,6056,1824
1124,727524757080539137,4590,1274
1125,727314416056803329,3429,779
1126,727286334147182592,3128,849
1127,727175381690781696,4000,1442
1128,727155742655025152,3744,1391
1129,726935089318363137,7084,2559
1130,726887082820554753,3946,1579
1131,726828223124897792,3657,1039
1132,726224900189511680,4534,1192
1133,725842289046749185,7236,2763
1134,725786712245440512,4277,1421
1135,725729321944506368,5336,1866
1136,725458796924002305,1448,646
1137,724983749226668032,3819,1361
1138,724771698126512129,2442,669
1139,724405726123311104,5432,1714
1140,724049859469295616,4440,1838
1141,724046343203856385,2730,582
1142,724004602748780546,4299,1638
1143,723912936180330496,4004,1282
1144,723688335806480385,7896,3100
1145,723673163800948736,3100,931
1146,723179728551723008,5433,1948
1147,722974582966214656,4216,1632
1148,722613351520608256,5097,1710
1149,721503162398597120,4763,1947
1150,721001180231503872,2596,641
1151,720785406564900865,3202,798
1152,720775346191278080,2553,702
1153,720415127506415616,4245,1562
1154,720389942216527872,6561,2616
1155,720340705894408192,2947,1016
1156,720059472081784833,3988,1166
1157,720043174954147842,5039,2094
1158,719991154352222208,4966,1818
1159,719704490224398336,4687,1504
1160,719551379208073216,5190,2007
1161,719367763014393856,2864,770
1162,719339463458033665,4537,1301
1163,719332531645071360,3513,995
1164,718971898235854848,3583,1133
1165,718939241951195136,5386,1841
1166,718631497683582976,19361,8394
1167,718613305783398402,2501,500
1168,718540630683709445,2541,1057
1169,718460005985447936,2769,545
1170,718454725339934721,4985,1570
1171,718246886998687744,1984,518
1172,718234618122661888,3978,1045
1173,717841801130979328,2523,618
1174,717790033953034240,2959,1171
1175,717537687239008257,5906,1914
1176,717428917016076293,1652,472
1177,717421804990701568,3236,873
1178,717047459982213120,6446,1998
1179,717009362452090881,3343,1017
1180,716802964044845056,4416,1231
1181,716791146589110272,7472,1599
1182,716730379797970944,1268,447
1183,716447146686459905,13448,6158
1184,716439118184652801,2431,219
1185,716285507865542656,2854,1125
1186,716080869887381504,6921,1993
1187,715928423106027520,3276,911
1188,715758151270801409,3825,1494
1189,715733265223708672,4796,1751
1190,715704790270025728,2882,592
1191,715696743237730304,4015,1345
1192,715680795826982913,4442,1690
1193,715360349751484417,5622,1639
1194,715342466308784130,3117,717
1195,715220193576927233,2483,681
1196,715200624753819648,5274,1963
1197,715009755312439296,4283,1287
1198,714982300363173890,3856,1072
1199,714962719905021952,7559,4457
1200,714957620017307648,4240,1475
1201,714631576617938945,3358,1046
1202,714606013974974464,3731,963
1203,714485234495041536,2776,1206
1204,714258258790387713,3112,745
1205,714251586676113411,3367,869
1206,714214115368108032,2336,914
1207,714141408463036416,4430,1459
1208,713919462244790272,3383,808
1209,713909862279876608,1971,561
1210,713900603437621249,2921,767
1211,713761197720473600,5015,1433
1212,713411074226274305,4548,1346
1213,713177543487135744,7428,2947
1214,713175907180089344,4590,1519
1215,712809025985978368,19071,7005
1216,712717840512598017,12705,5213
1217,712668654853337088,4287,1261
1218,712438159032893441,5476,1624
1219,712309440758808576,251,25
1220,712097430750289920,3900,1082
1221,712092745624633345,3024,928
1222,712085617388212225,3353,503
1223,712065007010385924,2332,655
1224,711998809858043904,0,130
1225,711968124745228288,8296,2415
1226,711743778164514816,2927,1025
1227,711732680602345472,9141,4309
1228,711694788429553666,33802,19104
1229,711652651650457602,3972,955
1230,711363825979756544,3763,1183
1231,711306686208872448,3405,763
1232,711008018775851008,3072,639
1233,710997087345876993,4692,1441
1234,710844581445812225,2621,721
1235,710833117892898816,2764,557
1236,710658690886586372,2379,586
1237,710609963652087808,4929,2467
1238,710588934686908417,4678,1948
1239,710296729921429505,2440,772
1240,710283270106132480,2203,537
1241,710272297844797440,4662,1301
1242,710269109699739648,2467,1173
1243,710153181850935296,2987,930
1244,710140971284037632,2848,922
1245,710117014656950272,5653,2083
1246,709918798883774466,3074,1106
1247,709901256215666688,695,105
1248,709852847387627521,3609,1246
1249,709566166965075968,3640,1257
1250,709556954897764353,3387,1107
1251,709519240576036864,1529,245
1252,709449600415961088,2296,601
1253,709409458133323776,2694,714
1254,709225125749587968,2474,595
1255,709207347839836162,12938,6102
1256,709198395643068416,2492,666
1257,709179584944730112,2065,695
1258,709158332880297985,2104,436
1259,709042156699303936,4900,1710
1260,708853462201716736,1845,683
1261,708845821941387268,3078,936
1262,708834316713893888,1740,526
1263,708810915978854401,16979,7244
1264,708738143638450176,2822,850
1265,708711088997666817,2618,751
1266,708479650088034305,2624,701
1267,708469915515297792,3185,846
1268,708400866336894977,16474,10585
1269,708356463048204288,3698,1385
1270,708349470027751425,2419,765
1271,708149363256774660,4401,1602
1272,708130923141795840,3495,878
1273,708119489313951744,2765,1022
1274,708109389455101952,1991,564
1275,708026248782585858,4499,1999
1276,707995814724026368,3229,1172
1277,707983188426153984,51,2
1278,707969809498152960,2778,1007
1279,707776935007539200,3380,992
1280,707741517457260545,2570,637
1281,707738799544082433,4215,2591
1282,707693576495472641,3534,1039
1283,707629649552134146,2649,923
1284,707610948723478529,17475,6676
1285,707420581654872064,2343,720
1286,707411934438625280,2360,617
1287,707387676719185920,3608,1354
1288,707377100785885184,3377,1128
1289,707315916783140866,2553,667
1290,707297311098011648,2865,825
1291,707059547140169728,2664,706
1292,707038192327901184,2255,823
1293,707021089608753152,4199,1427
1294,707014260413456384,2373,622
1295,706904523814649856,15022,8195
1296,706901761596989440,2126,624
1297,706681918348251136,3427,1012
1298,706644897839910912,2657,1146
1299,706593038911545345,2222,652
1300,706538006853918722,3566,1478
1301,706516534877929472,3188,1073
1302,706346369204748288,3552,964
1303,706310011488698368,22008,8341
1304,706291001778950144,1755,488
1305,706265994973601792,2813,963
1306,706169069255446529,4032,2326
1307,706166467411222528,5308,1676
1308,706153300320784384,1533,395
1309,705975130514706432,3199,766
1310,705970349788291072,3238,925
1311,705898680587526145,2435,580
1312,705786532653883392,2004,546
1313,705591895322394625,3264,1207
1314,705475953783398401,3043,960
1315,705442520700944385,4574,1704
1316,705428427625635840,3930,1758
1317,705239209544720384,3091,777
1318,705223444686888960,2651,835
1319,705102439679201280,2218,534
1320,705066031337840642,2246,633
1321,704871453724954624,4409,1161
1322,704859558691414016,2323,569
1323,704847917308362754,5253,1602
1324,704819833553219584,2725,1034
1325,704761120771465216,6831,3028
1326,704499785726889984,3019,1047
1327,704491224099647488,786,84
1328,704480331685040129,3495,1103
1329,704364645503647744,8266,3709
1330,704347321748819968,1639,362
1331,704134088924532736,1556,488
1332,704113298707505153,1905,588
1333,704054845121142784,3020,948
1334,703774238772166656,1899,483
1335,703769065844768768,3389,1191
1336,703631701117943808,2669,719
1337,703611486317502464,3974,1585
1338,703425003149250560,3903,1436
1339,703407252292673536,2533,729
1340,703382836347330562,3621,1189
1341,703356393781329922,1970,404
1342,703268521220972544,2028,567
1343,703079050210877440,7625,3238
1344,703041949650034688,27157,13089
1345,702932127499816960,2677,753
1346,702899151802126337,1658,475
1347,702684942141153280,3331,1126
1348,702671118226825216,2269,583
1349,702598099714314240,12574,3585
1350,702539513671897089,2963,999
1351,702332542343577600,3299,1632
1352,702321140488925184,3375,1086
1353,702276748847800320,2556,799
1354,702217446468493312,4948,1397
1355,701981390485725185,3558,1039
1356,701952816642965504,3948,1073
1357,701889187134500865,3651,1442
1358,701805642395348998,3538,1768
1359,701601587219795968,2152,478
1360,701570477911896070,2901,969
1361,701545186879471618,2744,640
1362,701214700881756160,12605,5349
1363,700890391244103680,2281,600
1364,700864154249383937,2674,641
1365,700847567345688576,2524,522
1366,700796979434098688,2518,1002
1367,700747788515020802,23582,9771
1368,700518061187723268,2707,839
1369,700505138482569216,2356,598
1370,700462010979500032,4262,1879
1371,700167517596164096,2725,779
1372,700151421916807169,2309,696
1373,700143752053182464,7762,2864
1374,700062718104104960,2734,727
1375,700029284593901568,2138,608
1376,700002074055016451,3416,1402
1377,699801817392291840,3156,1005
1378,699788877217865730,2306,521
1379,699779630832685056,2853,1306
1380,699775878809702401,2019,632
1381,699691744225525762,10582,4820
1382,699446877801091073,6128,2735
1383,699434518667751424,2231,529
1384,699423671849451520,1421,345
1385,699413908797464576,2138,639
1386,699370870310113280,1946,459
1387,699323444782047232,3256,904
1388,699088579889332224,2307,662
1389,699079609774645248,2529,685
1390,699072405256409088,3097,1248
1391,699060279947165696,3881,1888
1392,699036661657767936,2685,1247
1393,698989035503689728,3484,1025
1394,698953797952008193,2788,947
1395,698907974262222848,2618,653
1396,698710712454139905,2546,712
1397,698703483621523456,1502,399
1398,698635131305795584,1333,356
1399,698549713696649216,2404,648
1400,698355670425473025,1930,475
1401,698342080612007937,2335,991
1402,698262614669991936,4900,2100
1403,698195409219559425,17313,6233
1404,698178924120031232,2899,779
1405,697995514407682048,1571,350
1406,697990423684476929,3385,1358
1407,697943111201378304,2475,720
1408,697881462549430272,3111,1242
1409,697630435728322560,1805,565
1410,697616773278015490,3256,1058
1411,697596423848730625,3126,1321
1412,697575480820686848,2100,519
1413,697516214579523584,2138,1180
1414,697482927769255936,2491,702
1415,697463031882764288,3519,1445
1416,697270446429966336,4830,1957
1417,697259378236399616,3394,1047
1418,697255105972801536,3118,1214
1419,697242256848379904,2591,699
1420,696900204696625153,3279,1066
1421,696894894812565505,2414,707
1422,696886256886657024,5018,1885
1423,696877980375769088,2521,740
1424,696754882863349760,1530,372
1425,696744641916489729,2134,980
1426,696713835009417216,2444,678
1427,696518437233913856,4028,1785
1428,696490539101908992,1252,150
1429,696488710901260288,2620,1082
1430,696405997980676096,3306,1199
1431,696100768806522880,1993,697
1432,695816827381944320,3104,1225
1433,695794761660297217,3273,816
1434,695767669421768709,1925,786
1435,695629776980148225,4710,2200
1436,695446424020918272,4520,1895
1437,695409464418041856,8929,3741
1438,695314793360662529,3743,1531
1439,695095422348574720,2724,644
1440,695074328191332352,2935,1161
1441,695064344191721472,1653,627
1442,695051054296211456,2746,825
1443,694925794720792577,2774,958
1444,694905863685980160,2837,974
1445,694669722378485760,36913,15128
1446,694356675654983680,1554,299
1447,694352839993344000,2111,651
1448,694342028726001664,1620,503
1449,694329668942569472,2068,523
1450,694206574471057408,4308,2128
1451,694183373896572928,3041,974
1452,694001791655137281,3505,1077
1453,693993230313091072,1931,422
1454,693942351086120961,1792,385
1455,693647888581312512,2776,620
1456,693644216740769793,1383,131
1457,693642232151285760,2617,430
1458,693629975228977152,2527,833
1459,693622659251335168,1593,385
1460,693590843962331137,5214,2067
1461,693582294167244802,1699,265
1462,693486665285931008,1835,664
1463,693280720173801472,3471,1293
1464,693267061318012928,2460,848
1465,693262851218264065,2295,523
1466,693231807727280129,2956,765
1467,693155686491000832,8123,3365
1468,693109034023534592,1773,644
1469,693095443459342336,1923,484
1470,692919143163629568,2743,786
1471,692905862751522816,2518,918
1472,692901601640583168,1832,625
1473,692894228850999298,2350,847
1474,692828166163931137,2972,919
1475,692752401762250755,7042,3795
1476,692568918515392513,4497,1615
1477,692535307825213440,3288,1428
1478,692530551048294401,1901,434
1479,692423280028966913,1523,240
1480,692417313023332352,9626,3644
1481,692187005137076224,2606,857
1482,692158366030913536,2211,823
1483,692142790915014657,1694,414
1484,692041934689402880,3503,1333
1485,692017291282812928,2958,1000
1486,691820333922455552,4078,1742
1487,691793053716221953,8390,4411
1488,691756958957883396,2969,1064
1489,691675652215414786,2007,528
1490,691483041324204033,2456,587
1491,691459709405118465,4175,1205
1492,691444869282295808,2737,885
1493,691416866452082688,19931,8018
1494,691321916024623104,2654,688
1495,691096613310316544,3050,923
1496,691090071332753408,1767,351
1497,690989312272396288,6087,3000
1498,690959652130045952,3696,1317
1499,690938899477221376,4255,2092
1500,690932576555528194,3386,1076
1501,690735892932222976,3904,1330
1502,690728923253055490,2245,540
1503,690690673629138944,2402,842
1504,690649993829576704,1354,292
1505,690607260360429569,303,17
1506,690597161306841088,2026,634
1507,690400367696297985,1931,471
1508,690374419777196032,3361,892
1509,690360449368465409,2736,931
1510,690348396616552449,1556,541
1511,690248561355657216,1732,433
1512,690021994562220032,2876,1081
1513,690015576308211712,2589,772
1514,690005060500217858,3781,1775
1515,689999384604450816,1478,391
1516,689993469801164801,1505,475
1517,689977555533848577,1418,469
1518,689905486972461056,2505,727
1519,689877686181715968,3127,1237
1520,689835978131935233,2233,789
1521,689661964914655233,3306,972
1522,689659372465688576,10695,4066
1523,689623661272240129,2299,675
1524,689599056876867584,12002,5798
1525,689557536375177216,2116,481
1526,689517482558820352,3514,1505
1527,689289219123089408,2328,987
1528,689283819090870273,3389,1154
1529,689280876073582592,2053,750
1530,689275259254616065,1191,256
1531,689255633275777024,2639,1129
1532,689154315265683456,3171,1049
1533,689143371370250240,2077,535
1534,688916208532455424,2820,914
1535,688908934925697024,2185,815
1536,688898160958271489,2172,828
1537,688894073864884227,2312,729
1538,688828561667567616,1424,391
1539,688804835492233216,997,203
1540,688789766343622656,2289,692
1541,688547210804498433,2694,734
1542,688519176466644993,2393,768
1543,688385280030670848,9587,4683
1544,688211956440801280,2302,870
1545,688179443353796608,2189,616
1546,688116655151435777,2928,819
1547,688064179421470721,1788,377
1548,687841446767013888,5639,2652
1549,687826841265172480,2821,1184
1550,687818504314159109,2575,998
1551,687807801670897665,2476,739
1552,687732144991551489,1822,692
1553,687704180304273409,2519,880
1554,687664829264453632,2000,533
1555,687494652870668288,1964,601
1556,687480748861947905,1652,253
1557,687476254459715584,2047,559
1558,687460506001633280,2127,569
1559,687399393394311168,1957,655
1560,687317306314240000,20769,9588
1561,687312378585812992,4503,1993
1562,687127927494963200,5638,2406
1563,687124485711986689,2246,524
1564,687109925361856513,6002,2593
1565,687102708889812993,2418,1034
1566,687096057537363968,2320,633
1567,686947101016735744,8897,3339
1568,686760001961103360,3639,1447
1569,686749460672679938,3594,1530
1570,686730991906516992,4281,1263
1571,686683045143953408,2914,842
1572,686618349602762752,3814,1432
1573,686606069955735556,1963,573
1574,686394059078897668,1796,711
1575,686386521809772549,3364,921
1576,686377065986265092,2282,591
1577,686358356425093120,2263,713
1578,686286779679375361,4131,1748
1579,686050296934563840,2275,762
1580,686035780142297088,1196,127
1581,686034024800862208,3216,1215
1582,686007916130873345,2570,443
1583,686003207160610816,1886,673
1584,685973236358713344,2177,546
1585,685943807276412928,1678,628
1586,685906723014619143,7752,3066
1587,685681090388975616,2098,131
1588,685667379192414208,2421,602
1589,685663452032069632,3364,1531
1590,685641971164143616,3027,821
1591,685547936038666240,34043,16497
1592,685532292383666176,3132,1215
1593,685325112850124800,9786,4180
1594,685321586178670592,2732,675
1595,685315239903100929,3456,1134
1596,685307451701334016,2142,461
1597,685268753634967552,3202,1261
1598,685198997565345792,2411,696
1599,685169283572338688,4237,1493
1600,684969860808454144,2443,394
1601,684959798585110529,7037,3287
1602,684940049151070208,3328,1092
1603,684926975086034944,3619,488
1604,684914660081053696,3628,1544
1605,684902183876321280,1942,557
1606,684880619965411328,2170,862
1607,684830982659280897,36182,22681
1608,684800227459624960,2809,1049
1609,684594889858887680,9210,3701
1610,684588130326986752,4243,1477
1611,684567543613382656,3116,1293
1612,684538444857667585,2730,999
1613,684481074559381504,4005,1227
1614,684460069371654144,2045,583
1615,684241637099323392,8423,3486
1616,684225744407494656,1275,222
1617,684222868335505415,3960,1441
1618,684200372118904832,2236,1075
1619,684195085588783105,1974,544
1620,684188786104872960,3602,1235
1621,684177701129875456,2078,707
1622,684147889187209216,3077,1564
1623,684122891630342144,2066,497
1624,684097758874210310,4248,1509
1625,683857920510050305,3934,1170
1626,683852578183077888,1988,370
1627,683849932751646720,2697,1027
1628,683834909291606017,2711,1164
1629,683828599284170753,2902,1117
1630,683773439333797890,3450,1422
1631,683742671509258241,6709,3483
1632,683515932363329536,7592,3065
1633,683498322573824003,3268,1011
1634,683481228088049664,2731,1045
1635,683462770029932544,2512,708
1636,683449695444799489,4032,1692
1637,683391852557561860,7877,2500
1638,683357973142474752,3028,976
1639,683142553609318400,2981,1094
1640,683111407806746624,3504,958
1641,683098815881154561,2233,692
1642,683078886620553216,2045,589
1643,683030066213818368,2220,767
1644,682962037429899265,38118,17512
1645,682808988178739200,1834,189
1646,682788441537560576,2553,1173
1647,682750546109968385,1573,462
1648,682697186228989953,1353,379
1649,682662431982772225,3150,1138
1650,682638830361513985,2127,637
1651,682429480204398592,3542,1223
1652,682406705142087680,7823,1858
1653,682393905736888321,2302,715
1654,682389078323662849,1715,491
1655,682303737705140231,3169,1058
1656,682259524040966145,4300,1276
1657,682242692827447297,3363,1236
1658,682088079302213632,18862,10377
1659,682059653698686977,5113,1778
1660,682047327939461121,3302,1006
1661,682032003584274432,6802,2117
1662,682003177596559360,3248,1609
1663,681981167097122816,2890,1088
1664,681891461017812993,2549,860
1665,681694085539872773,13200,4261
1666,681679526984871937,1824,473
1667,681654059175129088,2720,975
1668,681610798867845120,1970,500
1669,681579835668455424,3653,1371
1670,681523177663676416,14762,6096
1671,681340665377193984,1693,294
1672,681339448655802368,9584,4272
1673,681320187870711809,2729,788
1674,681302363064414209,4076,1919
1675,681297372102656000,3304,1008
1676,681281657291280384,3317,1158
1677,681261549936340994,1502,290
1678,681242418453299201,1537,567
1679,681231109724700672,2478,510
1680,681193455364796417,3819,1560
1681,680970795137544192,2502,698
1682,680959110691590145,4704,2105
1683,680940246314430465,3314,1108
1684,680934982542561280,2138,463
1685,680913438424612864,2475,649
1686,680889648562991104,1820,380
1687,680836378243002368,3567,1395
1688,680805554198020098,2223,693
1689,680801747103793152,2447,864
1690,680798457301471234,2943,1095
1691,680609293079592961,2717,746
1692,680583894916304897,3736,1412
1693,680497766108381184,4365,2002
1694,680494726643068929,1771,509
1695,680473011644985345,2633,780
1696,680440374763077632,1500,531
1697,680221482581123072,1508,304
1698,680206703334408192,2926,1239
1699,680191257256136705,2215,529
1700,680176173301628928,4019,1649
1701,680161097740095489,2393,771
1702,680145970311643136,3725,1834
1703,680130881361686529,2351,996
1704,680115823365742593,2793,945
1705,680100725817409536,3681,1441
1706,680085611152338944,13175,9400
1707,680070545539371008,2659,925
1708,679877062409191424,2030,682
1709,679872969355714560,2246,695
1710,679862121895714818,2526,652
1711,679854723806179328,2941,1297
1712,679844490799091713,2437,797
1713,679828447187857408,37320,14734
1714,679777920601223168,3175,1163
1715,679736210798047232,2155,831
1716,679729593985699840,2227,862
1717,679722016581222400,1699,490
1718,679530280114372609,4918,2181
1719,679527802031484928,2716,758
1720,679511351870550016,3466,1326
1721,679503373272485890,3231,1545
1722,679475951516934144,2151,664
1723,679462823135686656,32634,19741
1724,679405845277462528,2444,1260
1725,679158373988876288,22001,8483
1726,679148763231985668,2850,1081
1727,679132435750195208,3046,1215
1728,679111216690831360,6133,2680
1729,679062614270468097,17511,8590
1730,679047485189439488,2304,706
1731,679001094530465792,2910,1296
1732,678991772295516161,2380,1233
1733,678969228704284672,1690,484
1734,678800283649069056,2649,946
1735,678798276842360832,3550,1237
1736,678774928607469569,2882,962
1737,678767140346941444,3632,1433
1738,678764513869611008,1681,501
1739,678755239630127104,7317,3462
1740,678740035362037760,3857,1769
1741,678708137298427904,5728,2531
1742,678675843183484930,2947,1545
1743,678643457146150913,2102,442
1744,678446151570427904,4109,1637
1745,678424312106393600,5551,2654
1746,678410210315247616,4341,1905
1747,678399652199309312,81196,33165
1748,678396796259975168,1631,443
1749,678389028614488064,1915,440
1750,678380236862578688,2503,952
1751,678341075375947776,1773,563
1752,678334497360859136,1335,270
1753,678278586130948096,11725,6336
1754,678255464182861824,1628,387
1755,678023323247357953,1978,399
1756,678021115718029313,14065,6659
1757,677961670166224897,3502,1759
1758,677918531514703872,1383,427
1759,677895101218201600,4950,2199
1760,677716515794329600,3132,1008
1761,677700003327029250,3472,1513
1762,677698403548192770,1261,334
1763,677687604918272002,2540,882
1764,677673981332312066,3405,1563
1765,677662372920729601,1986,1013
1766,677644091929329666,1901,834
1767,677573743309385728,2182,753
1768,677565715327688705,1323,474
1769,677557565589463040,2493,1208
1770,677547928504967168,7083,3794
1771,677530072887205888,1094,236
1772,677335745548390400,3103,1861
1773,677334615166730240,1380,303
1774,677331501395156992,1119,244
1775,677328882937298944,3713,1563
1776,677314812125323265,1679,553
1777,677301033169788928,1262,428
1778,677269281705472000,2042,731
1779,677228873407442944,3620,1702
1780,677187300187611136,2793,960
1781,676975532580409345,2841,1113
1782,676957860086095872,2262,839
1783,676949632774234114,1337,412
1784,676948236477857792,2221,905
1785,676946864479084545,1750,392
1786,676942428000112642,2109,785
1787,676936541936185344,12963,5086
1788,676916996760600576,3018,1864
1789,676897532954456065,2300,746
1790,676864501615042560,2143,737
1791,676821958043033607,23494,16200
1792,676819651066732545,1843,692
1793,676811746707918848,1447,440
1794,676776431406465024,5095,2084
1795,676617503762681856,2955,1014
1796,676613908052996102,1100,203
1797,676606785097199616,1918,456
1798,676603393314578432,1184,395
1799,676593408224403456,4659,2234
1800,676590572941893632,928,129
1801,676588346097852417,2358,821
1802,676582956622721024,1227,289
1803,676575501977128964,2635,1156
1804,676533798876651520,1902,577
1805,676496375194980353,1544,550
1806,676470639084101634,11807,4840
1807,676440007570247681,1746,689
1808,676430933382295552,1419,358
1809,676263575653122048,2118,569
1810,676237365392908289,1243,301
1811,676219687039057920,76788,32091
1812,676215927814406144,1770,603
1813,676191832485810177,2318,1066
1814,676146341966438401,1949,683
1815,676121918416756736,2191,1197
1816,676101918813499392,2862,1203
1817,676098748976615425,3053,1481
1818,676089483918516224,1334,447
1819,675898130735476737,1648,591
1820,675891555769696257,2162,891
1821,675888385639251968,2416,995
1822,675878199931371520,4225,1444
1823,675870721063669760,1662,591
1824,675853064436391936,2726,1338
1825,675849018447167488,952,152
1826,675845657354215424,2309,911
1827,675822767435051008,1546,554
1828,675820929667219457,1062,238
1829,675798442703122432,10391,3490
1830,675781562965868544,1649,490
1831,675740360753160193,1187,358
1832,675710890956750848,1917,845
1833,675707330206547968,2005,716
1834,675706639471788032,650,101
1835,675534494439489536,1840,431
1836,675531475945709568,1199,394
1837,675522403582218240,1052,294
1838,675517828909424640,1306,472
1839,675501075957489664,17347,5975
1840,675497103322386432,3181,1338
1841,675489971617296384,1319,616
1842,675483430902214656,1857,996
1843,675432746517426176,1539,589
1844,675372240448454658,1706,526
1845,675362609739206656,1060,236
1846,675354435921575936,33106,17689
1847,675349384339542016,3965,2322
1848,675334060156301312,2803,1332
1849,675166823650848770,3654,1657
1850,675153376133427200,6344,2666
1851,675149409102012420,3769,1723
1852,675147105808306176,950,243
1853,675146535592706048,1203,320
1854,675145476954566656,2159,928
1855,675135153782571009,1308,508
1856,675113801096802304,1969,805
1857,675111688094527488,977,260
1858,675109292475830276,2825,1163
1859,675047298674663426,1069,337
1860,675015141583413248,2730,1229
1861,675006312288268288,996,232
1862,675003128568291329,1571,485
1863,674999807681908736,2271,1126
1864,674805413498527744,864,363
1865,674800520222154752,3049,880
1866,674793399141146624,2527,1112
1867,674790488185167872,1118,253
1868,674788554665512960,822,216
1869,674781762103414784,2017,1233
1870,674774481756377088,1128,485
1871,674767892831932416,1841,812
1872,674764817387900928,791,243
1873,674754018082705410,1369,460
1874,674752233200820224,1470,479
1875,674743008475090944,1420,564
1876,674742531037511680,493,51
1877,674739953134403584,1119,400
1878,674737130913071104,650,96
1879,674690135443775488,1153,481
1880,674670581682434048,1613,665
1881,674664755118911488,930,260
1882,674646392044941312,1448,504
1883,674644256330530816,1031,275
1884,674638615994089473,1696,594
1885,674632714662858753,1515,594
1886,674606911342424069,942,102
1887,674468880899788800,6275,2105
1888,674447403907457024,1071,364
1889,674436901579923456,1121,399
1890,674422304705744896,1445,550
1891,674416750885273600,683,143
1892,674410619106390016,1205,475
1893,674394782723014656,1517,584
1894,674372068062928900,850,321
1895,674330906434379776,566,74
1896,674318007229923329,1428,525
1897,674307341513269249,11391,7101
1898,674291837063053312,14819,6011
1899,674271431610523648,1577,744
1900,674269164442398721,909,228
1901,674265582246694913,1659,867
1902,674262580978937856,1311,463
1903,674255168825880576,1470,565
1904,674082852460433408,758,173
1905,674075285688614912,989,294
1906,674063288070742018,6396,2252
1907,674053186244734976,3343,1324
1908,674051556661161984,1452,496
1909,674045139690631169,1426,651
1910,674042553264685056,726,131
1911,674038233588723717,1107,422
1912,674036086168010753,851,217
1913,674024893172875264,1795,1246
1914,674019345211760640,1136,306
1915,674014384960745472,1569,659
1916,674008982932058114,1203,364
1917,673956914389192708,1952,976
1918,673919437611909120,1173,376
1919,673906403526995968,3207,1646
1920,673887867907739649,933,254
1921,673716320723169284,3093,760
1922,673715861853720576,3558,2114
1923,673711475735838725,1042,302
1924,673709992831262724,848,278
1925,673708611235921920,1087,295
1926,673707060090052608,1103,398
1927,673705679337693185,1258,408
1928,673700254269775872,1445,581
1929,673697980713705472,3815,1984
1930,673689733134946305,1741,661
1931,673688752737402881,1270,503
1932,673686845050527744,1443,448
1933,673680198160809984,1375,477
1934,673662677122719744,1258,367
1935,673656262056419329,720,247
1936,673636718965334016,1105,365
1937,673612854080196609,1599,732
1938,673583129559498752,1193,370
1939,673580926094458881,838,274
1940,673576835670777856,1389,570
1941,673363615379013632,1026,309
1942,673359818736984064,1455,681
1943,673355879178194945,1494,586
1944,673352124999274496,1658,545
1945,673350198937153538,749,217
1946,673345638550134785,2517,1289
1947,673343217010679808,972,274
1948,673342308415348736,1274,593
1949,673320132811366400,13489,8065
1950,673317986296586240,878,264
1951,673295268553605120,7537,3202
1952,673270968295534593,1068,373
1953,673240798075449344,1426,743
1954,673213039743795200,2248,854
1955,673148804208660480,1686,640
1956,672997845381865473,1981,734
1957,672995267319328768,959,299
1958,672988786805112832,988,298
1959,672984142909456390,1260,549
1960,672980819271634944,1831,1024
1961,672975131468300288,1685,918
1962,672970152493887488,948,361
1963,672968025906282496,1317,554
1964,672964561327235073,1421,647
1965,672902681409806336,1366,511
1966,672898206762672129,907,428
1967,672884426393653248,1555,843
1968,672877615439593473,1033,372
1969,672834301050937345,1313,577
1970,672828477930868736,1258,500
1971,672640509974827008,977,327
1972,672622327801233409,1302,496
1973,672614745925664768,1222,593
1974,672609152938721280,1117,393
1975,672604026190569472,1109,403
1976,672594978741354496,1332,614
1977,672591762242805761,950,337
1978,672591271085670400,723,185
1979,672538107540070400,1031,370
1980,672523490734551040,640,173
1981,672488522314567680,1111,445
1982,672482722825261057,1134,607
1983,672481316919734272,718,126
1984,672475084225949696,1430,708
1985,672466075045466113,1353,545
1986,672272411274932228,6452,3421
1987,672267570918129665,1497,622
1988,672264251789176834,1138,341
1989,672256522047614977,2812,1568
1990,672254177670729728,1430,751
1991,672248013293752320,1716,616
1992,672245253877968896,687,162
1993,672239279297454080,895,326
1994,672231046314901505,1835,1031
1995,672222792075620352,784,214
1996,672205392827572224,2264,1167
1997,672169685991993344,1018,372
1998,672160042234327040,874,360
1999,672139350159835138,1747,716
2000,672125275208069120,2405,1151
2001,672095186491711488,1006,372
2002,672082170312290304,941,372
2003,672068090318987265,1293,523
2004,671896809300709376,8486,4206
2005,671891728106971137,1333,581
2006,671882082306625538,3462,1391
2007,671879137494245376,1418,688
2008,671874878652489728,1247,565
2009,671866342182637568,1116,505
2010,671855973984772097,905,449
2011,671789708968640512,7062,3518
2012,671768281401958400,1190,529
2013,671763349865160704,1682,934
2014,671744970634719232,1354,783
2015,671743150407421952,745,235
2016,671735591348891648,1447,760
2017,671729906628341761,8501,4392
2018,671561002136281088,12810,7293
2019,671550332464455680,912,210
2020,671547767500775424,1352,602
2021,671544874165002241,1971,1058
2022,671542985629241344,1089,567
2023,671538301157904385,927,399
2024,671536543010570240,1168,413
2025,671533943490011136,1016,587
2026,671528761649688577,841,263
2027,671520732782923777,1402,530
2028,671518598289059840,952,292
2029,671511350426865664,1606,729
2030,671504605491109889,7005,3573
2031,671497587707535361,915,452
2032,671488513339211776,1011,474
2033,671486386088865792,577,207
2034,671485057807351808,758,234
2035,671390180817915904,1431,741
2036,671362598324076544,1104,297
2037,671357843010908160,398,149
2038,671355857343524864,481,115
2039,671347597085433856,955,431
2040,671186162933985280,737,214
2041,671182547775299584,1116,350
2042,671166507850801152,874,355
2043,671163268581498880,1667,1120
2044,671159727754231808,373,82
2045,671154572044468225,713,221
2046,671151324042559489,669,157
2047,671147085991960577,674,228
2048,671141549288370177,1159,665
2049,671138694582165504,920,406
2050,671134062904504320,749,198
2051,671122204919246848,3493,2546
2052,671115716440031232,1367,783
2053,671109016219725825,1144,444
2054,670995969505435648,1103,297
2055,670842764863651840,24579,8799
2056,670840546554966016,591,194
2057,670838202509447168,1108,702
2058,670833812859932673,442,126
2059,670832455012716544,733,220
2060,670826280409919488,5542,4087
2061,670823764196741120,774,195
2062,670822709593571328,613,97
2063,670815497391357952,3176,1548
2064,670811965569282048,1128,274
2065,670807719151067136,1155,498
2066,670804601705242624,1958,970
2067,670803562457407488,342,88
2068,670797304698376195,737,240
2069,670792680469889025,827,282
2070,670789397210615808,659,245
2071,670786190031921152,602,200
2072,670783437142401025,818,398
2073,670782429121134593,1558,776
2074,670780561024270336,786,290
2075,670778058496974848,328,74
2076,670764103623966721,1071,424
2077,670755717859713024,438,111
2078,670733412878163972,960,518
2079,670727704916926465,824,364
2080,670717338665226240,1204,500
2081,670704688707301377,771,374
2082,670691627984359425,591,247
2083,670679630144274432,748,284
2084,670676092097810432,248,43
2085,670668383499735048,10704,5083
2086,670474236058800128,1516,758
2087,670468609693655041,354,86
2088,670465786746662913,972,555
2089,670452855871037440,549,205
2090,670449342516494336,1192,668
2091,670444955656130560,6717,1999
2092,670442337873600512,643,201
2093,670435821946826752,1054,519
2094,670434127938719744,1398,653
2095,670433248821026816,329,114
2096,670428280563085312,1378,632
2097,670427002554466305,523,166
2098,670421925039075328,1306,636
2099,670420569653809152,629,318
2100,670417414769758208,569,318
2101,670411370698022913,2020,906
2102,670408998013820928,557,228
2103,670403879788544000,432,157
2104,670385711116361728,557,209
2105,670374371102445568,748,273
2106,670361874861563904,328,69
2107,670338931251150849,420,112
2108,670319130621435904,3860,1233
2109,670303360680108032,428,137
2110,670290420111441920,702,290
2111,670093938074779648,1023,335
2112,670086499208155136,699,254
2113,670079681849372674,2223,1246
2114,670073503555706880,1578,799
2115,670069087419133954,625,243
2116,670061506722140161,765,346
2117,670055038660800512,668,335
2118,670046952931721218,644,179
2119,670040295598354432,754,113
2120,670037189829525505,586,278
2121,670003130994700288,333,93
2122,669993076832759809,326,86
2123,669972011175813120,447,159
2124,669970042633789440,302,62
2125,669942763794931712,501,166
2126,669926384437997569,371,105
2127,669923323644657664,233,57
2128,669753178989142016,811,405
2129,669749430875258880,265,65
2130,669684865554620416,513,90
2131,669683899023405056,387,112
2132,669682095984410625,349,136
2133,669680153564442624,666,294
2134,669661792646373376,801,441
2135,669625907762618368,3523,1831
2136,669603084620980224,945,366
2137,669597912108789760,513,151
2138,669583744538451968,1492,934
2139,669573570759163904,433,141
2140,669571471778410496,1588,1026
2141,669567591774625800,235,55
2142,669564461267722241,383,124
2143,669393256313184256,368,77
2144,669375718304980992,1332,735
2145,669371483794317312,499,182
2146,669367896104181761,463,158
2147,669363888236994561,618,228
2148,669359674819481600,370,125
2149,669354382627049472,2699,1288
2150,669353438988365824,641,264
2151,669351434509529089,437,187
2152,669328503091937280,1020,422
2153,669327207240699904,576,116
2154,669324657376567296,498,210
2155,669216679721873412,1190,406
2156,669214165781868544,437,167
2157,669203728096960512,1002,483
2158,669037058363662336,655,316
2159,669015743032369152,737,376
2160,669006782128353280,576,251
2161,669000397445533696,20871,6415
2162,668994913074286592,440,232
2163,668992363537309700,745,350
2164,668989615043424256,678,332
2165,668988183816871936,897,476
2166,668986018524233728,552,171
2167,668981893510119424,536,307
2168,668979806671884288,797,354
2169,668975677807423489,1304,584
2170,668967877119254528,146,23
2171,668960084974809088,703,241
2172,668955713004314625,280,72
2173,668932921458302977,265,59
2174,668902994700836864,318,102
2175,668892474547511297,396,153
2176,668872652652679168,525,304
2177,668852170888998912,453,168
2178,668826086256599040,431,139
2179,668815180734689280,577,273
2180,668779399630725120,705,375
2181,668655139528511488,531,221
2182,668645506898350081,887,536
2183,668643542311546881,879,535
2184,668641109086707712,1078,544
2185,668636665813057536,1040,496
2186,668633411083464705,2804,1662
2187,668631377374486528,711,321
2188,668627278264475648,316,117
2189,668625577880875008,385,137
2190,668623201287675904,1424,777
2191,668620235289837568,200,43
2192,668614819948453888,613,316
2193,668587383441514497,1668,1084
2194,668567822092664832,242,55
2195,668544745690562560,514,226
2196,668542336805281792,454,219
2197,668537837512433665,250,77
2198,668528771708952576,459,230
2199,668507509523615744,322,107
2200,668496999348633600,411,133
2201,668484198282485761,423,238
2202,668480044826800133,456,149
2203,668466899341221888,876,523
2204,668297328638447616,616,298
2205,668291999406125056,242,31
2206,668286279830867968,503,137
2207,668274247790391296,818,232
2208,668268907921326080,552,237
2209,668256321989451776,1307,620
2210,668248472370458624,980,493
2211,668237644992782336,6183,2866
2212,668226093875376128,298,104
2213,668221241640230912,509,198
2214,668204964695683073,551,197
2215,668190681446379520,655,197
2216,668171859951755264,487,195
2217,668154635664932864,495,319
2218,668142349051129856,568,284
2219,668113020489474048,663,243
2220,667937095915278337,1256,789
2221,667924896115245057,299,113
2222,667915453470232577,208,55
2223,667911425562669056,492,307
2224,667902449697558528,846,375
2225,667886921285246976,1878,1094
2226,667885044254572545,808,486
2227,667878741721415682,389,119
2228,667873844930215936,623,406
2229,667866724293877760,2993,1031
2230,667861340749471744,238,78
2231,667832474953625600,290,62
2232,667806454573760512,1051,495
2233,667801013445750784,327,97
2234,667793409583771648,696,332
2235,667782464991965184,406,245
2236,667773195014021121,235,57
2237,667766675769573376,441,215
2238,667728196545200128,377,151
2239,667724302356258817,480,317
2240,667550904950915073,0,35
2241,667550882905632768,0,33
2242,667549055577362432,5754,2286
2243,667546741521195010,334,124
2244,667544320556335104,858,526
2245,667538891197542400,203,65
2246,667534815156183040,811,537
2247,667530908589760512,462,237
2248,667524857454854144,1679,1103
2249,667517642048163840,367,191
2250,667509364010450944,6728,2122
2251,667502640335572993,529,218
2252,667495797102141441,514,268
2253,667491009379606528,528,223
2254,667470559035432960,252,99
2255,667455448082227200,189,59
2256,667453023279554560,306,88
2257,667443425659232256,772,574
2258,667437278097252352,445,235
2259,667435689202614272,303,83
2260,667405339315146752,460,220
2261,667393430834667520,190,54
2262,667369227918143488,361,163
2263,667211855547486208,487,241
2264,667200525029539841,606,260
2265,667192066997374976,382,105
2266,667188689915760640,736,414
2267,667182792070062081,14200,6162
2268,667177989038297088,189,55
2269,667176164155375616,606,463
2270,667174963120574464,238,82
2271,667171260800061440,219,88
2272,667165590075940865,2658,1127
2273,667160273090932737,254,62
2274,667152164079423490,47189,16921
2275,667138269671505920,4549,2191
2276,667119796878725120,326,127
2277,667090893657276420,329,125
2278,667073648344346624,397,122
2279,667070482143944705,82,14
2280,667065535570550784,163,46
2281,667062181243039745,214,53
2282,667044094246576128,182,50
2283,667012601033924608,442,220
2284,666996132027977728,242,93
2285,666983947667116034,2519,973
2286,666837028449972224,803,549
2287,666835007768551424,209,80
2288,666826780179869698,249,95
2289,666817836334096384,508,246
2290,666804364988780544,234,91
2291,666786068205871104,746,482
2292,666781792255496192,379,186
2293,666776908487630848,343,171
2294,666739327293083650,232,65
2295,666701168228331520,423,214
2296,666691418707132416,185,46
2297,666649482315059201,1099,610
2298,666644823164719104,228,78
2299,666454714377183233,507,207
2300,666447344410484738,99,19
2301,666437273139982337,120,47
2302,666435652385423360,161,52
2303,666430724426358785,307,193
2304,666428276349472768,161,81
2305,666421158376562688,309,112
2306,666418789513326592,119,45
2307,666411507551481857,428,320
2308,666407126856765440,103,37
2309,666396247373291520,161,81
2310,666373753744588802,180,88
2311,666362758909284353,753,555
2312,666353288456101888,211,71
2313,666345417576210432,283,131
2314,666337882303524864,190,88
2315,666293911632134144,485,342
2316,666287406224695296,141,63
2317,666273097616637952,167,75
2318,666268910803644416,99,34
2319,666104133288665088,13908,6306
2320,666102155909144576,76,11
2321,666099513787052032,149,64
2322,666094000022159362,158,70
2323,666082916733198337,111,43
2324,666073100786774016,312,157
2325,666071193221509120,139,57
2326,666063827256086533,458,211
2327,666058600524156928,108,57
2328,666057090499244032,284,136
2329,666055525042405380,421,232
2330,666051853826850816,1185,825
2331,666050758794694657,129,56
2332,666049248165822465,104,41
2333,666044226329800704,288,135
2334,666033412701032449,120,43
2335,666029285002620928,124,46
2336,666020888022790149,2498,492
